{"sprites":{"aa":{"start":0.0,"duration":0.58},"achievement":{"start":1.08,"duration":9.877347},"aircraft":{"start":11.457347,"duration":1.0},"alarm_fast":{"start":12.957347,"duration":0.6409977},"alarm_slow":{"start":14.098345,"duration":1.2429932},"collect":{"start":15.841338,"duration":0.20199546},"damage":{"start":16.543333,"duration":0.8748753},"dive":{"start":17.91821,"duration":1.9},"dodge":{"start":20.318209,"duration":14.774059},"explosion_long":{"start":35.592266,"duration":5.6829934},"explosion_short":{"start":41.77526,"duration":4.757075},"horn":{"start":47.032337,"duration":1.8420635},"impact":{"start":49.374397,"duration":0.85029477},"intense":{"start":50.724693,"duration":9.0},"jet":{"start":60.224693,"duration":1.0},"ocean":{"start":61.724693,"duration":5.0},"rocket":{"start":67.22469,"duration":1.508186},"shell":{"start":69.23288,"duration":1.9429932},"sonar0":{"start":71.67587,"duration":5.0},"sonar1":{"start":77.17587,"duration":1.78},"sonar2":{"start":79.45587,"duration":2.5},"sonar3":{"start":82.45587,"duration":1.3678912},"splash":{"start":84.32376,"duration":1.3312925},"surface":{"start":86.15506,"duration":2.0},"torpedo_launch":{"start":88.65506,"duration":2.2151928},"upgrade":{"start":91.37025,"duration":0.59099776}}}