{"sprites":{"achievement":{"start":0.0,"duration":9.877347},"aircraft":{"start":10.877347,"duration":1.0},"alarm_fast":{"start":12.877347,"duration":0.6409977},"alarm_slow":{"start":14.518345,"duration":1.2429932},"collect":{"start":16.761337,"duration":0.20199546},"damage":{"start":17.963333,"duration":0.8748753},"dive":{"start":19.83821,"duration":1.9},"dodge":{"start":22.738209,"duration":14.774059},"explosion_long":{"start":38.512268,"duration":5.6829934},"explosion_short":{"start":45.19526,"duration":4.757075},"horn":{"start":50.952335,"duration":1.8420635},"impact":{"start":53.7944,"duration":0.85029477},"intense":{"start":55.644695,"duration":9.761542},"ocean":{"start":66.406235,"duration":38.087845},"rocket":{"start":105.49408,"duration":1.508186},"shell":{"start":108.002266,"duration":1.9429932},"sonar0":{"start":110.94526,"duration":5.0},"sonar1":{"start":116.94526,"duration":1.78},"sonar2":{"start":119.72526,"duration":2.5},"sonar3":{"start":123.22526,"duration":1.3678912},"splash":{"start":125.593155,"duration":1.3312925},"surface":{"start":127.924446,"duration":2.0},"torpedo_launch":{"start":130.92444,"duration":2.2151928},"upgrade":{"start":134.13963,"duration":0.59099776}}}