{"sprites":{"achievement":{"start":0.0,"duration":9.877347},"aircraft":{"start":10.377347,"duration":1.0},"alarm_fast":{"start":11.877347,"duration":0.6409977},"alarm_slow":{"start":13.018345,"duration":1.2429932},"collect":{"start":14.761338,"duration":0.20199546},"damage":{"start":15.463333,"duration":0.8748753},"dive":{"start":16.83821,"duration":1.9},"dodge":{"start":19.238209,"duration":14.774059},"explosion_long":{"start":34.512268,"duration":5.6829934},"explosion_short":{"start":40.69526,"duration":4.757075},"horn":{"start":45.952335,"duration":1.8420635},"impact":{"start":48.2944,"duration":0.85029477},"intense":{"start":49.644695,"duration":9.0},"jet":{"start":59.144695,"duration":1.0},"ocean":{"start":60.644695,"duration":5.0},"rocket":{"start":66.14469,"duration":1.508186},"shell":{"start":68.15288,"duration":1.9429932},"sonar0":{"start":70.59587,"duration":5.0},"sonar1":{"start":76.09587,"duration":1.78},"sonar2":{"start":78.37587,"duration":2.5},"sonar3":{"start":81.37587,"duration":1.3678912},"splash":{"start":83.24377,"duration":1.3312925},"surface":{"start":85.07506,"duration":2.0},"torpedo_launch":{"start":87.57506,"duration":2.2151928},"upgrade":{"start":90.29025,"duration":0.59099776}}}