{"sprites":{"achievement":{"start":0.0,"duration":9.877347},"aircraft":{"start":10.377347,"duration":1.0},"alarm_fast":{"start":11.877347,"duration":0.6409977},"alarm_slow":{"start":13.018345,"duration":1.2429932},"collect":{"start":14.761338,"duration":0.20199546},"damage":{"start":15.463333,"duration":0.8748753},"dive":{"start":16.83821,"duration":1.9},"dodge":{"start":19.238209,"duration":14.774059},"explosion_long":{"start":34.512268,"duration":5.6829934},"explosion_short":{"start":40.69526,"duration":4.757075},"horn":{"start":45.952335,"duration":1.8420635},"impact":{"start":48.2944,"duration":0.85029477},"intense":{"start":49.644695,"duration":9.0},"ocean":{"start":59.144695,"duration":5.0},"rocket":{"start":64.64469,"duration":1.508186},"shell":{"start":66.65288,"duration":1.9429932},"sonar0":{"start":69.09587,"duration":5.0},"sonar1":{"start":74.59587,"duration":1.78},"sonar2":{"start":76.87587,"duration":2.5},"sonar3":{"start":79.87587,"duration":1.3678912},"splash":{"start":81.74377,"duration":1.3312925},"surface":{"start":83.57506,"duration":2.0},"torpedo_launch":{"start":86.07506,"duration":2.2151928},"upgrade":{"start":88.79025,"duration":0.59099776}}}